{
  "config": {
    "modes": [
      "mean",
      "article",
      "sum_head"
    ],
    "linear_l2s": [
      1e-06,
      0.0001,
      0.01,
      0.1
    ],
    "train_start": "20230719",
    "train_end": "20241231",
    "val_start": "20250101",
    "val_end": "20260306",
    "min_ic_universe": 20,
    "seed": 42,
    "extra_train_args": []
  },
  "results": [
    {
      "run_name": "mode_mean__l2_1em06",
      "mode": "mean",
      "linear_l2": 1e-06,
      "output_dir": "/home/jyu197/LLMCrossSec/outputs/grid_search_pre_response_promptv2_tok3/mode_mean__l2_1em06",
      "train_ic_mean": 0.015432432154962008,
      "train_ic_ir": 0.20679950665604718,
      "val_ic_mean": 0.00639795578872178,
      "val_ic_ir": 0.12218407097002595,
      "train_pearson_ic_mean": 0.0349681118891785,
      "train_pearson_ic_ir": 0.3202845255677397,
      "val_pearson_ic_mean": 0.002655582195956449,
      "val_pearson_ic_ir": 0.04361214788951057,
      "train_ic_zero_mean": 0.0023619289208233344,
      "train_ic_zero_ir": 0.1917258216507747,
      "val_ic_zero_mean": 0.0022155031855643987,
      "val_ic_zero_ir": 0.13120733887576988,
      "train_pearson_ic_zero_mean": 0.010823047251766239,
      "train_pearson_ic_zero_ir": 0.16306292713417406,
      "val_pearson_ic_zero_mean": 7.806143575681803e-06,
      "val_pearson_ic_zero_ir": 0.0006184385635427726,
      "n_train_samples": 74208,
      "n_val_samples": 102563,
      "n_train_fit_samples": 74208,
      "elapsed_sec": 240.228750705719
    },
    {
      "run_name": "mode_mean__l2_0p0001",
      "mode": "mean",
      "linear_l2": 0.0001,
      "output_dir": "/home/jyu197/LLMCrossSec/outputs/grid_search_pre_response_promptv2_tok3/mode_mean__l2_0p0001",
      "train_ic_mean": 0.01541917633662188,
      "train_ic_ir": 0.20663529323752056,
      "val_ic_mean": 0.006372695098720122,
      "val_ic_ir": 0.12170763514906577,
      "train_pearson_ic_mean": 0.03496456651053137,
      "train_pearson_ic_ir": 0.3202324280891434,
      "val_pearson_ic_mean": 0.0026504399752263585,
      "val_pearson_ic_ir": 0.043530144278403966,
      "train_ic_zero_mean": 0.0023859014160300274,
      "train_ic_zero_ir": 0.19353642328779153,
      "val_ic_zero_mean": 0.0021756404692509835,
      "val_ic_zero_ir": 0.12879601689113554,
      "train_pearson_ic_zero_mean": 0.010822874070379294,
      "train_pearson_ic_zero_ir": 0.16305993096842344,
      "val_pearson_ic_zero_mean": 8.993283381478748e-06,
      "val_pearson_ic_zero_ir": 0.000712193434560438,
      "n_train_samples": 74208,
      "n_val_samples": 102563,
      "n_train_fit_samples": 74208,
      "elapsed_sec": 50.458709716796875
    },
    {
      "run_name": "mode_mean__l2_0p01",
      "mode": "mean",
      "linear_l2": 0.01,
      "output_dir": "/home/jyu197/LLMCrossSec/outputs/grid_search_pre_response_promptv2_tok3/mode_mean__l2_0p01",
      "train_ic_mean": 0.015424189915675745,
      "train_ic_ir": 0.20671488449957015,
      "val_ic_mean": 0.006370065233487491,
      "val_ic_ir": 0.12167356195039783,
      "train_pearson_ic_mean": 0.03496423714080524,
      "train_pearson_ic_ir": 0.320228666779524,
      "val_pearson_ic_mean": 0.002650030786489011,
      "val_pearson_ic_ir": 0.04352354183573329,
      "train_ic_zero_mean": 0.0023796748608926,
      "train_ic_zero_ir": 0.193123323946786,
      "val_ic_zero_mean": 0.0021688797928924282,
      "val_ic_zero_ir": 0.12842968956986103,
      "train_pearson_ic_zero_mean": 0.01082282768734135,
      "train_pearson_ic_zero_ir": 0.1630597150960704,
      "val_pearson_ic_zero_mean": 9.035799460033341e-06,
      "val_pearson_ic_zero_ir": 0.0007155447710583388,
      "n_train_samples": 74208,
      "n_val_samples": 102563,
      "n_train_fit_samples": 74208,
      "elapsed_sec": 47.49981498718262
    },
    {
      "run_name": "mode_mean__l2_0p1",
      "mode": "mean",
      "linear_l2": 0.1,
      "output_dir": "/home/jyu197/LLMCrossSec/outputs/grid_search_pre_response_promptv2_tok3/mode_mean__l2_0p1",
      "train_ic_mean": 0.015416738789074274,
      "train_ic_ir": 0.2066264205026578,
      "val_ic_mean": 0.006365751233204965,
      "val_ic_ir": 0.12156317057574198,
      "train_pearson_ic_mean": 0.03496296086262677,
      "train_pearson_ic_ir": 0.32021914344597285,
      "val_pearson_ic_mean": 0.002649032839448937,
      "val_pearson_ic_ir": 0.0435066652775717,
      "train_ic_zero_mean": 0.0023764503501288517,
      "train_ic_zero_ir": 0.19290276196651288,
      "val_ic_zero_mean": 0.002193604857861522,
      "val_ic_zero_ir": 0.12975693074152916,
      "train_pearson_ic_zero_mean": 0.010822540895920245,
      "train_pearson_ic_zero_ir": 0.1630594935244641,
      "val_pearson_ic_zero_mean": 8.904830923108814e-06,
      "val_pearson_ic_zero_ir": 0.0007051851495678715,
      "n_train_samples": 74208,
      "n_val_samples": 102563,
      "n_train_fit_samples": 74208,
      "elapsed_sec": 42.9460563659668
    },
    {
      "run_name": "mode_article__l2_0p01",
      "mode": "article",
      "linear_l2": 0.01,
      "output_dir": "/home/jyu197/LLMCrossSec/outputs/grid_search_pre_response_promptv2_tok3/mode_article__l2_0p01",
      "train_ic_mean": -6.560254253081037e-06,
      "train_ic_ir": -8.375906296240059e-05,
      "val_ic_mean": -0.002285786416597944,
      "val_ic_ir": -0.03477405952559271,
      "train_pearson_ic_mean": 0.00026024074889761755,
      "train_pearson_ic_ir": 0.003520954088979195,
      "val_pearson_ic_mean": -0.00011890902849960237,
      "val_pearson_ic_ir": -0.0019443422360899542,
      "train_ic_zero_mean": 0.00018804433748042333,
      "train_ic_zero_ir": 0.014780863553580922,
      "val_ic_zero_mean": -0.0016589626487468288,
      "val_ic_zero_ir": -0.08844073716170815,
      "train_pearson_ic_zero_mean": -0.00015864984738510947,
      "train_pearson_ic_zero_ir": -0.020305402558879193,
      "val_pearson_ic_zero_mean": -0.0007936244528471386,
      "val_pearson_ic_zero_ir": -0.07769566108121481,
      "n_train_samples": 74208,
      "n_val_samples": 102563,
      "n_train_fit_samples": 127499,
      "elapsed_sec": 189.44971346855164
    },
    {
      "run_name": "mode_article__l2_0p1",
      "mode": "article",
      "linear_l2": 0.1,
      "output_dir": "/home/jyu197/LLMCrossSec/outputs/grid_search_pre_response_promptv2_tok3/mode_article__l2_0p1",
      "train_ic_mean": -2.1984366068260647e-05,
      "train_ic_ir": -0.00028070461960984157,
      "val_ic_mean": -0.0022917124522779594,
      "val_ic_ir": -0.034862383326215426,
      "train_pearson_ic_mean": 0.00026092726071119584,
      "train_pearson_ic_ir": 0.003530258637150866,
      "val_pearson_ic_mean": -0.0001187993432289001,
      "val_pearson_ic_ir": -0.0019425505419657604,
      "train_ic_zero_mean": 0.000189039737859281,
      "train_ic_zero_ir": 0.014853670503799127,
      "val_ic_zero_mean": -0.001650813763178775,
      "val_ic_zero_ir": -0.08796647523213517,
      "train_pearson_ic_zero_mean": -0.0001586800445261085,
      "train_pearson_ic_zero_ir": -0.02030970199267285,
      "val_pearson_ic_zero_mean": -0.0007937217956277473,
      "val_pearson_ic_zero_ir": -0.07770313437147432,
      "n_train_samples": 74208,
      "n_val_samples": 102563,
      "n_train_fit_samples": 127499,
      "elapsed_sec": 162.00175595283508
    },
    {
      "run_name": "mode_article__l2_0p0001",
      "mode": "article",
      "linear_l2": 0.0001,
      "output_dir": "/home/jyu197/LLMCrossSec/outputs/grid_search_pre_response_promptv2_tok3/mode_article__l2_0p0001",
      "train_ic_mean": -4.165905305328094e-06,
      "train_ic_ir": -5.318821957558364e-05,
      "val_ic_mean": -0.0023034147943350896,
      "val_ic_ir": -0.03504491882806784,
      "train_pearson_ic_mean": 0.00025485874787921977,
      "train_pearson_ic_ir": 0.003448031142170516,
      "val_pearson_ic_mean": -0.00011954411029516896,
      "val_pearson_ic_ir": -0.001954680710538925,
      "train_ic_zero_mean": 0.00019811708883916423,
      "train_ic_zero_ir": 0.015557995116815203,