{
  "config": {
    "modes": [
      "mean",
      "article",
      "sum_head"
    ],
    "linear_l2s": [
      1e-06,
      0.0001,
      0.01,
      0.1
    ],
    "train_start": "20200101",
    "train_end": "20230717",
    "val_start": "20230719",
    "val_end": "20260306",
    "min_ic_universe": 20,
    "seed": 42,
    "extra_train_args": []
  },
  "results": [
    {
      "run_name": "mode_mean__l2_1em06",
      "mode": "mean",
      "linear_l2": 1e-06,
      "output_dir": "/home/jyu197/LLMCrossSec/outputs/grid_search_linear_modes_v2/mode_mean__l2_1em06",
      "train_ic_mean": 0.00945787163876527,
      "train_ic_ir": 0.14396603741092134,
      "val_ic_mean": 0.006322361839096343,
      "val_ic_ir": 0.09235534604646611,
      "train_pearson_ic_mean": 0.03518153664485322,
      "train_pearson_ic_ir": 0.3247337505027028,
      "val_pearson_ic_mean": 0.004028531668626186,
      "val_pearson_ic_ir": 0.05774445239751656,
      "train_ic_zero_mean": 0.0034255622871810056,
      "train_ic_zero_ir": 0.23562723089015367,
      "val_ic_zero_mean": 0.0014509955824781034,
      "val_ic_zero_ir": 0.08837620762433016,
      "train_pearson_ic_zero_mean": 0.011337625223739963,
      "train_pearson_ic_zero_ir": 0.2056770434059066,
      "val_pearson_ic_zero_mean": 0.00017978412359312122,
      "val_pearson_ic_zero_ir": 0.01711510159027806,
      "n_train_samples": 278899,
      "n_val_samples": 176666,
      "n_train_fit_samples": 278899,
      "elapsed_sec": 980.5621819496155
    },
    {
      "run_name": "mode_mean__l2_0p0001",
      "mode": "mean",
      "linear_l2": 0.0001,
      "output_dir": "/home/jyu197/LLMCrossSec/outputs/grid_search_linear_modes_v2/mode_mean__l2_0p0001",
      "train_ic_mean": 0.009448399886324734,
      "train_ic_ir": 0.14387001250483478,
      "val_ic_mean": 0.006311056546792264,
      "val_ic_ir": 0.0922420305362631,
      "train_pearson_ic_mean": 0.035152932109274296,
      "train_pearson_ic_ir": 0.32449442518473676,
      "val_pearson_ic_mean": 0.0040097073347403304,
      "val_pearson_ic_ir": 0.057476307144963705,
      "train_ic_zero_mean": 0.0034775737318981786,
      "train_ic_zero_ir": 0.23982310937598608,
      "val_ic_zero_mean": 0.0014215865646895094,
      "val_ic_zero_ir": 0.08626634683368758,
      "train_pearson_ic_zero_mean": 0.01133524221244421,
      "train_pearson_ic_zero_ir": 0.20563234298516087,
      "val_pearson_ic_zero_mean": 0.00018098751791958105,
      "val_pearson_ic_zero_ir": 0.017221455416421144,
      "n_train_samples": 278899,
      "n_val_samples": 176666,
      "n_train_fit_samples": 278899,
      "elapsed_sec": 369.38430523872375
    },
    {
      "run_name": "mode_mean__l2_0p01",
      "mode": "mean",
      "linear_l2": 0.01,
      "output_dir": "/home/jyu197/LLMCrossSec/outputs/grid_search_linear_modes_v2/mode_mean__l2_0p01",
      "train_ic_mean": 0.009371561515986941,
      "train_ic_ir": 0.14275654859699846,
      "val_ic_mean": 0.006210883888024699,
      "val_ic_ir": 0.09094480996961528,
      "train_pearson_ic_mean": 0.03510324061817484,
      "train_pearson_ic_ir": 0.3240878303570687,
      "val_pearson_ic_mean": 0.0039782855157163444,
      "val_pearson_ic_ir": 0.057028884968602006,
      "train_ic_zero_mean": 0.003537792020469669,
      "train_ic_zero_ir": 0.24420972380686642,
      "val_ic_zero_mean": 0.001417783405307249,
      "val_ic_zero_ir": 0.0860391328614014,
      "train_pearson_ic_zero_mean": 0.011330601329425451,
      "train_pearson_ic_zero_ir": 0.20555621343119104,
      "val_pearson_ic_zero_mean": 0.0001829617514822771,
      "val_pearson_ic_zero_ir": 0.01739433027457354,
      "n_train_samples": 278899,
      "n_val_samples": 176666,
      "n_train_fit_samples": 278899,
      "elapsed_sec": 221.23112559318542
    },
    {
      "run_name": "mode_mean__l2_0p1",
      "mode": "mean",
      "linear_l2": 0.1,
      "output_dir": "/home/jyu197/LLMCrossSec/outputs/grid_search_linear_modes_v2/mode_mean__l2_0p1",
      "train_ic_mean": 0.009376403233003554,
      "train_ic_ir": 0.14285006988142662,
      "val_ic_mean": 0.006210266782440737,
      "val_ic_ir": 0.09092878254627793,
      "train_pearson_ic_mean": 0.035102048768109864,
      "train_pearson_ic_ir": 0.3240792915213759,
      "val_pearson_ic_mean": 0.003977525711808035,
      "val_pearson_ic_ir": 0.057017793533207135,
      "train_ic_zero_mean": 0.0035308945308715695,
      "train_ic_zero_ir": 0.2438293947626557,
      "val_ic_zero_mean": 0.0014034330336873937,
      "val_ic_zero_ir": 0.08516661255767972,
      "train_pearson_ic_zero_mean": 0.011330439567522612,
      "train_pearson_ic_zero_ir": 0.2055545659291399,
      "val_pearson_ic_zero_mean": 0.00018302675248017632,
      "val_pearson_ic_zero_ir": 0.01739975496120071,
      "n_train_samples": 278899,
      "n_val_samples": 176666,
      "n_train_fit_samples": 278899,
      "elapsed_sec": 220.36949014663696
    },
    {
      "run_name": "mode_article__l2_0p01",
      "mode": "article",
      "linear_l2": 0.01,
      "output_dir": "/home/jyu197/LLMCrossSec/outputs/grid_search_linear_modes_v2/mode_article__l2_0p01",
      "train_ic_mean": 0.0031870702975178695,
      "train_ic_ir": 0.04888636634633616,
      "val_ic_mean": 0.00042297620207138386,
      "val_ic_ir": 0.006053707508885106,
      "train_pearson_ic_mean": 0.001264848233544419,
      "train_pearson_ic_ir": 0.01946224338469378,
      "val_pearson_ic_mean": -0.0006847944894901104,
      "val_pearson_ic_ir": -0.009745420936739286,
      "train_ic_zero_mean": 0.000646282860012614,
      "train_ic_zero_ir": 0.04846165479770944,
      "val_ic_zero_mean": -0.001199442522729824,
      "val_ic_zero_ir": -0.07486861403736514,
      "train_pearson_ic_zero_mean": 3.353074730733609e-05,
      "train_pearson_ic_zero_ir": 0.00328100055320095,
      "val_pearson_ic_zero_mean": -6.139164723417501e-05,
      "val_pearson_ic_zero_ir": -0.006557769805992496,
      "n_train_samples": 278899,
      "n_val_samples": 176666,
      "n_train_fit_samples": 342616,
      "elapsed_sec": 278.27689361572266
    },
    {
      "run_name": "mode_article__l2_0p1",
      "mode": "article",
      "linear_l2": 0.1,
      "output_dir": "/home/jyu197/LLMCrossSec/outputs/grid_search_linear_modes_v2/mode_article__l2_0p1",
      "train_ic_mean": 0.0031783638375924273,
      "train_ic_ir": 0.04875494082853311,
      "val_ic_mean": 0.00041027927330913064,
      "val_ic_ir": 0.0058728229550513355,
      "train_pearson_ic_mean": 0.0012650382290864313,
      "train_pearson_ic_ir": 0.019463552815326298,
      "val_pearson_ic_mean": -0.0006825218292919129,
      "val_pearson_ic_ir": -0.00971320241285144,
      "train_ic_zero_mean": 0.0006443350074940141,
      "train_ic_zero_ir": 0.04831968638983546,
      "val_ic_zero_mean": -0.0011773610525573958,
      "val_ic_zero_ir": -0.07343112137156933,
      "train_pearson_ic_zero_mean": 3.365131443528075e-05,
      "train_pearson_ic_zero_ir": 0.0032931776600186595,
      "val_pearson_ic_zero_mean": -6.125403061444157e-05,
      "val_pearson_ic_zero_ir": -0.006540513359341565,
      "n_train_samples": 278899,
      "n_val_samples": 176666,
      "n_train_fit_samples": 342616,
      "elapsed_sec": 282.272084236145
    },
    {
      "run_name": "mode_article__l2_1em06",
      "mode": "article",
      "linear_l2": 1e-06,
      "output_dir": "/home/jyu197/LLMCrossSec/outputs/grid_search_linear_modes_v2/mode_article__l2_1em06",
      "train_ic_mean": 0.003117100900260671,
      "train_ic_ir": 0.04804269155469193,
      "val_ic_mean": 0.00037431332596245216,
      "val_ic_ir": 0.005389233400463947,
      "train_pearson_ic_mean": 0.0012371032756787797,
      "train_pearson_ic_ir": 0.019177370268870206,
      "val_pearson_ic_mean": -0.0008819619468509631,
      "val_pearson_ic_ir": -0.012535877950665027,
      "train_ic_zero_mean": 0.0006013405607474585,
      "train_ic_zero_ir": 0.04505614677095369,
      "val_ic_zero_mean": -0.0013706255849698272,
      "val_ic_zero_ir": -0.08522776093317265,